des_time,des_pos,des_vel,des_tau,meas_time,meas_pos,meas_vel,meas_tau
0.000000000000000000e+00,0.000000000000000000e+00,0.000000000000000000e+00,6.580528077591992764e-01,0.000000000000000000e+00,0.000000000000000000e+00,0.000000000000000000e+00,0.000000000000000000e+00
3.010531135703952907e-02,1.209233401472513967e-03,7.565598493180453188e-02,6.314312639562530416e-01,0.000000000000000000e+00,0.000000000000000000e+00,0.000000000000000000e+00,0.000000000000000000e+00
6.021062271407905814e-02,4.662206720901082221e-03,1.439939754667854122e-01,6.048097201533069178e-01,0.000000000000000000e+00,0.000000000000000000e+00,0.000000000000000000e+00,0.000000000000000000e+00
9.031593407111858374e-02,1.009682963080224538e-02,2.047996412178708092e-01,5.781881763503606830e-01,0.000000000000000000e+00,0.000000000000000000e+00,0.000000000000000000e+00,0.000000000000000000e+00
1.204212454281581163e-01,1.725101180369254666e-02,2.578586517979889470e-01,5.515666325474145593e-01,0.000000000000000000e+00,0.000000000000000000e+00,0.000000000000000000e+00,0.000000000000000000e+00
1.505265567851976349e-01,2.586266291208851736e-02,3.029566768200679938e-01,5.249450887444684355e-01,0.000000000000000000e+00,0.000000000000000000e+00,0.000000000000000000e+00,0.000000000000000000e+00
1.806318681422371675e-01,3.566969262850671479e-02,3.398793858970362014e-01,4.983235449415222007e-01,0.000000000000000000e+00,0.000000000000000000e+00,0.000000000000000000e+00,0.000000000000000000e+00
2.107371794992767000e-01,4.641001062546366157e-02,3.684124486418216549e-01,4.717020011385759659e-01,0.000000000000000000e+00,0.000000000000000000e+00,0.000000000000000000e+00,0.000000000000000000e+00
2.408424908563162326e-01,5.782152657547591501e-02,3.883415346673526614e-01,4.450804573356298421e-01,0.000000000000000000e+00,0.000000000000000000e+00,0.000000000000000000e+00,0.000000000000000000e+00
2.709478022133557373e-01,6.964215015105998385e-02,3.994523135865573615e-01,4.184589135326836629e-01,0.000000000000000000e+00,0.000000000000000000e+00,0.000000000000000000e+00,0.000000000000000000e+00
3.010531135703952699e-01,8.160979102473245317e-02,4.015304550123638405e-01,3.918373697297374836e-01,0.000000000000000000e+00,0.000000000000000000e+00,0.000000000000000000e+00,0.000000000000000000e+00
3.311584249274348024e-01,9.346235886900983170e-02,3.943616285577004610e-01,3.652158259267913043e-01,0.000000000000000000e+00,0.000000000000000000e+00,0.000000000000000000e+00,0.000000000000000000e+00
3.612637362844743349e-01,1.049377633564086976e-01,3.777315038354951970e-01,3.385942821238450695e-01,0.000000000000000000e+00,0.000000000000000000e+00,0.000000000000000000e+00,0.000000000000000000e+00
3.913690476415138675e-01,1.157739141594455318e-01,3.514257504586766334e-01,3.119727383208988902e-01,0.000000000000000000e+00,0.000000000000000000e+00,0.000000000000000000e+00,0.000000000000000000e+00
4.214743589985534000e-01,1.257087209506368986e-01,3.152300380401723556e-01,2.853511945179527109e-01,0.000000000000000000e+00,0.000000000000000000e+00,0.000000000000000000e+00,0.000000000000000000e+00
4.515796703555929326e-01,1.344789480790031522e-01,2.689291658790297634e-01,2.571434691806479544e-01,0.000000000000000000e+00,0.000000000000000000e+00,0.000000000000000000e+00,0.000000000000000000e+00
4.816849817126324651e-01,1.413670042035261309e-01,2.122292404832678003e-01,1.987982946905293979e-01,0.000000000000000000e+00,0.000000000000000000e+00,0.000000000000000000e+00,0.000000000000000000e+00
5.117902930696719421e-01,1.459107186931658806e-01,1.459963796536657976e-01,1.404531202004109525e-01,0.000000000000000000e+00,0.000000000000000000e+00,0.000000000000000000e+00,0.000000000000000000e+00
5.418956044267114747e-01,1.480991613717822231e-01,7.165780062349023927e-02,8.210794571029245148e-02,0.000000000000000000e+00,0.000000000000000000e+00,0.000000000000000000e+00,0.000000000000000000e+00
5.720009157837510072e-01,1.479214020632349524e-01,-9.359279373991995221e-03,2.376277122017392274e-02,0.000000000000000000e+00,0.000000000000000000e+00,0.000000000000000000e+00,0.000000000000000000e+00
6.021062271407905397e-01,1.453665105913838074e-01,-9.562764310551429003e-02,-3.458240326994460601e-02,0.000000000000000000e+00,0.000000000000000000e+00,0.000000000000000000e+00,0.000000000000000000e+00
6.322115384978300723e-01,1.404235567800886098e-01,-1.857200733378098489e-01,-9.292757776006316250e-02,0.000000000000000000e+00,0.000000000000000000e+00,0.000000000000000000e+00,0.000000000000000000e+00
6.623168498548696048e-01,1.330816104532091260e-01,-2.782093528376120561e-01,-1.512727522501816635e-01,0.000000000000000000e+00,0.000000000000000000e+00,0.000000000000000000e+00,0.000000000000000000e+00
6.924221612119091374e-01,1.233297414346050808e-01,-3.716682643716541778e-01,-2.096179267403002200e-01,0.000000000000000000e+00,0.000000000000000000e+00,0.000000000000000000e+00,0.000000000000000000e+00
7.225274725689486699e-01,1.111570195481363377e-01,-4.646695907066694664e-01,-2.679631012304187210e-01,0.000000000000000000e+00,0.000000000000000000e+00,0.000000000000000000e+00,0.000000000000000000e+00
7.526327839259882024e-01,9.655251461766263532e-02,-5.557861146093912019e-01,-3.263082757205372775e-01,0.000000000000000000e+00,0.000000000000000000e+00,0.000000000000000000e+00,0.000000000000000000e+00
7.827380952830277350e-01,7.950529646704376785e-02,-6.435906188465527755e-01,-3.846534502106558340e-01,0.000000000000000000e+00,0.000000000000000000e+00,0.000000000000000000e+00,0.000000000000000000e+00
8.128434066400672675e-01,6.000443492013950164e-02,-7.266558861848874118e-01,-4.429986247007743905e-01,0.000000000000000000e+00,0.000000000000000000e+00,0.000000000000000000e+00,0.000000000000000000e+00
8.429487179971068000e-01,3.803899980080959614e-02,-8.035546993911283353e-01,-5.013437991908928915e-01,0.000000000000000000e+00,0.000000000000000000e+00,0.000000000000000000e+00,0.000000000000000000e+00
8.730540293541463326e-01,1.359806093291385416e-02,-8.728598412320089928e-01,-5.596889736810113369e-01,0.000000000000000000e+00,0.000000000000000000e+00,0.000000000000000000e+00,0.000000000000000000e+00
9.031593407111858651e-01,-1.332033453250926897e-02,-9.330559167686268696e-01,-6.068616269934993257e-01,0.000000000000000000e+00,0.000000000000000000e+00,0.000000000000000000e+00,0.000000000000000000e+00
9.332646520682253977e-01,-4.157461079346956578e-02,-9.729509537966810617e-01,-5.534815897073105395e-01,0.000000000000000000e+00,0.000000000000000000e+00,0.000000000000000000e+00,0.000000000000000000e+00
9.633699634252649302e-01,-7.004885575128962094e-02,-9.867213840550822512e-01,-5.001015524211217533e-01,0.000000000000000000e+00,0.000000000000000000e+00,0.000000000000000000e+00,0.000000000000000000e+00
9.934752747823044627e-01,-9.829194319673711933e-02,-9.761146066442755176e-01,-4.467215151349329672e-01,0.000000000000000000e+00,0.000000000000000000e+00,0.000000000000000000e+00,0.000000000000000000e+00
1.023580586139343884e+00,-1.258527469205797389e-01,-9.428780206647056072e-01,-3.933414778487444030e-01,0.000000000000000000e+00,0.000000000000000000e+00,0.000000000000000000e+00,0.000000000000000000e+00
1.053685897496383417e+00,-1.522801407135854213e-01,-8.887590252168168226e-01,-3.399614405625556168e-01,0.000000000000000000e+00,0.000000000000000000e+00,0.000000000000000000e+00,0.000000000000000000e+00
1.083791208853422949e+00,-1.771229983665216778e-01,-8.155050194010542430e-01,-2.865814032763668306e-01,0.000000000000000000e+00,0.000000000000000000e+00,0.000000000000000000e+00,0.000000000000000000e+00
1.113896520210462482e+00,-1.999301936701563531e-01,-7.248634023178627261e-01,-2.332013659901780445e-01,0.000000000000000000e+00,0.000000000000000000e+00,0.000000000000000000e+00,0.000000000000000000e+00
1.144001831567502014e+00,-2.202506004152571528e-01,-6.185815730676865742e-01,-1.798213287039893138e-01,0.000000000000000000e+00,0.000000000000000000e+00,0.000000000000000000e+00,0.000000000000000000e+00
1.174107142924541547e+00,-2.376330923925917549e-01,-4.984069307509707003e-01,-1.264412914178005276e-01,0.000000000000000000e+00,0.000000000000000000e+00,0.000000000000000000e+00,0.000000000000000000e+00
1.204212454281581079e+00,-2.516265433929279483e-01,-3.660868744681600728e-01,-7.306125413161168591e-02,0.000000000000000000e+00,0.000000000000000000e+00,0.000000000000000000e+00,0.000000000000000000e+00
1.234317765638620612e+00,-2.617798272070334109e-01,-2.233688033196989942e-01,-1.968121684542301075e-02,0.000000000000000000e+00,0.000000000000000000e+00,0.000000000000000000e+00,0.000000000000000000e+00
1.264423076995660145e+00,-2.676418176256759596e-01,-7.200011640603309893e-02,3.369882044076577543e-02,0.000000000000000000e+00,0.000000000000000000e+00,0.000000000000000000e+00,0.000000000000000000e+00
1.294528388352699677e+00,-2.687613884396232167e-01,8.627178717239392114e-02,8.707885772695456161e-02,0.000000000000000000e+00,0.000000000000000000e+00,0.000000000000000000e+00,0.000000000000000000e+00
1.324633699709739210e+00,-2.646874134396429157e-01,2.496995083151369865e-01,1.404588950131433478e-01,0.000000000000000000e+00,0.000000000000000000e+00,0.000000000000000000e+00,0.000000000000000000e+00
1.354739011066778742e+00,-2.549755730789732278e-01,4.163854810847085752e-01,1.897019618017642406e-01,0.000000000000000000e+00,0.000000000000000000e+00,0.000000000000000000e+00,0.000000000000000000e+00
1.384844322423818275e+00,-2.397674063190790850e-01,5.764251783212632763e-01,2.155021957708332936e-01,0.000000000000000000e+00,0.000000000000000000e+00,0.000000000000000000e+00,0.000000000000000000e+00
1.414949633780857807e+00,-2.196803618250619816e-01,7.241224860890542736e-01,2.413024297399023188e-01,0.000000000000000000e+00,0.000000000000000000e+00,0.000000000000000000e+00,0.000000000000000000e+00
1.445054945137897340e+00,-1.952296861544725592e-01,8.587228721611355198e-01,2.671026637089713440e-01,0.000000000000000000e+00,0.000000000000000000e+00,0.000000000000000000e+00,0.000000000000000000e+00
1.475160256494936872e+00,-1.669306258648613761e-01,9.794718043105605787e-01,2.929028976780403415e-01,0.000000000000000000e+00,0.000000000000000000e+00,0.000000000000000000e+00,0.000000000000000000e+00
1.505265567851976405e+00,-1.352984275137788794e-01,1.085614750310383902e+00,3.187031316471093945e-01,0.000000000000000000e+00,0.000000000000000000e+00,0.000000000000000000e+00,0.000000000000000000e+00
1.535370879209015937e+00,-1.008483376587757663e-01,1.176397177933658833e+00,3.445033656161784474e-01,0.000000000000000000e+00,0.000000000000000000e+00,0.000000000000000000e+00,0.000000000000000000e+00
1.565476190566055470e+00,-6.409560285740240060e-02,1.251064554953439156e+00,3.703035995852474449e-01,0.000000000000000000e+00,0.000000000000000000e+00,0.000000000000000000e+00,0.000000000000000000e+00
1.595581501923095002e+00,-2.555546966720952107e-02,1.308862349142779324e+00,3.961038335543164979e-01,0.000000000000000000e+00,0.000000000000000000e+00,0.000000000000000000e+00,0.000000000000000000e+00
1.625686813280134535e+00,1.425681535425241120e-02,1.349036028274732457e+00,4.219040675233854953e-01,0.000000000000000000e+00,0.000000000000000000e+00,0.000000000000000000e+00,0.000000000000000000e+00
1.655792124637174068e+00,5.482600564943287957e-02,1.370831060122352785e+00,4.477043014924545483e-01,0.000000000000000000e+00,0.000000000000000000e+00,0.000000000000000000e+00,0.000000000000000000e+00
1.685897435994213600e+00,9.563685466078136743e-02,1.373492912458694315e+00,4.735045354615236013e-01,0.000000000000000000e+00,0.000000000000000000e+00,0.000000000000000000e+00,0.000000000000000000e+00
1.716002747351253133e+00,1.361741158307471777e-01,1.356267053056810834e+00,4.993047694305925988e-01,0.000000000000000000e+00,0.000000000000000000e+00,0.000000000000000000e+00,0.000000000000000000e+00
1.746108058708292665e+00,1.759225426017798910e-01,1.318398949689755906e+00,5.251050033996615962e-01,0.000000000000000000e+00,0.000000000000000000e+00,0.000000000000000000e+00,0.000000000000000000e+00
1.776213370065332198e+00,2.143668884163288657e-01,1.259134070130583760e+00,5.509052373687306492e-01,0.000000000000000000e+00,0.000000000000000000e+00,0.000000000000000000e+00,0.000000000000000000e+00
1.806318681422371730e+00,2.509467332159585062e-01,1.177572748331119357e+00,5.548418175627010118e-01,0.000000000000000000e+00,0.000000000000000000e+00,0.000000000000000000e+00,0.000000000000000000e+00
1.836423992779411263e+00,2.837400130656290709e-01,1.069147776828921037e+00,4.713237826562755028e-01,0.000000000000000000e+00,0.000000000000000000e+00,0.000000000000000000e+00,0.000000000000000000e+00
1.866529304136450795e+00,3.118210301805847684e-01,9.344181288106016003e-01,3.878057477498500494e-01,0.000000000000000000e+00,0.000000000000000000e+00,0.000000000000000000e+00,0.000000000000000000e+00
1.896634615493490328e+00,3.350241553021074403e-01,7.766990256535588610e-01,3.042877128434245959e-01,0.000000000000000000e+00,0.000000000000000000e+00,0.000000000000000000e+00,0.000000000000000000e+00
1.926739926850529860e+00,3.531837591714788727e-01,5.993056887351904116e-01,2.207696779369991424e-01,0.000000000000000000e+00,0.000000000000000000e+00,0.000000000000000000e+00,0.000000000000000000e+00
1.956845238207569393e+00,3.661342125299808514e-01,4.055533394328939556e-01,1.372516430305736890e-01,0.000000000000000000e+00,0.000000000000000000e+00,0.000000000000000000e+00,0.000000000000000000e+00
1.986950549564608925e+00,3.737098861188950516e-01,1.987571991240669744e-01,5.373360812414829102e-02,0.000000000000000000e+00,0.000000000000000000e+00,0.000000000000000000e+00,0.000000000000000000e+00
2.017055860921648236e+00,3.757451506795033702e-01,-1.776751081389063569e-02,-2.978442678227655183e-02,0.000000000000000000e+00,0.000000000000000000e+00,0.000000000000000000e+00,0.000000000000000000e+00
2.047161172278687769e+00,3.720743769530875933e-01,-2.407055690035847517e-01,-1.133024616887020608e-01,0.000000000000000000e+00,0.000000000000000000e+00,0.000000000000000000e+00,0.000000000000000000e+00
2.077266483635727301e+00,3.625319356809293958e-01,-4.667417540676159771e-01,-1.968204965951274588e-01,0.000000000000000000e+00,0.000000000000000000e+00,0.000000000000000000e+00,0.000000000000000000e+00
2.107371794992766834e+00,3.469521976043106193e-01,-6.925608446285868025e-01,-2.803385315015529677e-01,0.000000000000000000e+00,0.000000000000000000e+00,0.000000000000000000e+00,0.000000000000000000e+00
2.137477106349806366e+00,3.251695334645130497e-01,-9.148476193090991915e-01,-3.638565664079783657e-01,0.000000000000000000e+00,0.000000000000000000e+00,0.000000000000000000e+00,0.000000000000000000e+00
2.167582417706845899e+00,2.970183140028183066e-01,-1.130286856731755663e+00,-4.473746013144037637e-01,0.000000000000000000e+00,0.000000000000000000e+00,0.000000000000000000e+00,0.000000000000000000e+00
2.197687729063885431e+00,2.623329099605084536e-01,-1.335563335519158290e+00,-5.308926362208292726e-01,0.000000000000000000e+00,0.000000000000000000e+00,0.000000000000000000e+00,0.000000000000000000e+00
2.227793040420924964e+00,2.209476920788650267e-01,-1.527361834293909926e+00,-6.144106711272547816e-01,0.000000000000000000e+00,0.000000000000000000e+00,0.000000000000000000e+00,0.000000000000000000e+00
2.257898351777964496e+00,1.727951617930814920e-01,-1.701562772605447860e+00,-6.683095013134666695e-01,0.000000000000000000e+00,0.000000000000000000e+00,0.000000000000000000e+00,0.000000000000000000e+00
2.288003663135004029e+00,1.201434820870243003e-01,-1.838572580652089394e+00,-6.333507173390342526e-01,0.000000000000000000e+00,0.000000000000000000e+00,0.000000000000000000e+00,0.000000000000000000e+00
2.318108974492043561e+00,6.466691102551630488e-02,-1.932769883522923449e+00,-5.983919333646019467e-01,0.000000000000000000e+00,0.000000000000000000e+00,0.000000000000000000e+00,0.000000000000000000e+00
2.348214285849083094e+00,7.255500539729747671e-03,-1.986282856392240115e+00,-5.634331493901695298e-01,0.000000000000000000e+00,0.000000000000000000e+00,0.000000000000000000e+00,0.000000000000000000e+00
2.378319597206122626e+00,-5.120069743916321608e-02,-2.001239674434331040e+00,-5.284743654157371129e-01,0.000000000000000000e+00,0.000000000000000000e+00,0.000000000000000000e+00,0.000000000000000000e+00
2.408424908563162159e+00,-1.098116309799903878e-01,-1.979768512823486315e+00,-4.935155814413048070e-01,0.000000000000000000e+00,0.000000000000000000e+00,0.000000000000000000e+00,0.000000000000000000e+00
2.438530219920201692e+00,-1.676872481515795377e-01,-1.923997546733996034e+00,-4.585567974668723901e-01,0.000000000000000000e+00,0.000000000000000000e+00,0.000000000000000000e+00,0.000000000000000000e+00
2.468635531277241224e+00,-2.239374970227585582e-01,-1.836054951340151620e+00,-4.235980134924400287e-01,0.000000000000000000e+00,0.000000000000000000e+00,0.000000000000000000e+00,0.000000000000000000e+00
2.498740842634280757e+00,-2.776723256623551683e-01,-1.718068901816244276e+00,-3.886392295180076673e-01,0.000000000000000000e+00,0.000000000000000000e+00,0.000000000000000000e+00,0.000000000000000000e+00
2.528846153991320289e+00,-3.280016821391971704e-01,-1.572167573336562985e+00,-3.536804455435753058e-01,0.000000000000000000e+00,0.000000000000000000e+00,0.000000000000000000e+00,0.000000000000000000e+00
2.558951465348359822e+00,-3.740355145221123667e-01,-1.400479141075399614e+00,-3.187216615691429444e-01,0.000000000000000000e+00,0.000000000000000000e+00,0.000000000000000000e+00,0.000000000000000000e+00
2.589056776705399354e+00,-4.148837708799287816e-01,-1.205131780207044923e+00,-2.837628775947105830e-01,0.000000000000000000e+00,0.000000000000000000e+00,0.000000000000000000e+00,0.000000000000000000e+00
2.619162088062438887e+00,-4.496563992814738842e-01,-9.882536659057884476e-01,-2.488040936202782216e-01,0.000000000000000000e+00,0.000000000000000000e+00,0.000000000000000000e+00,0.000000000000000000e+00
2.649267399419478419e+00,-4.774633477955757543e-01,-7.519729733459217247e-01,-2.138453096458458047e-01,0.000000000000000000e+00,0.000000000000000000e+00,0.000000000000000000e+00,0.000000000000000000e+00
2.679372710776517952e+00,-4.974145644910619724e-01,-4.984178777017362894e-01,-1.788865256714134433e-01,0.000000000000000000e+00,0.000000000000000000e+00,0.000000000000000000e+00,0.000000000000000000e+00
2.709478022133557484e+00,-5.085980647842499591e-01,-2.300897625680108083e-01,-1.328022624780388627e-01,0.000000000000000000e+00,0.000000000000000000e+00,0.000000000000000000e+00,0.000000000000000000e+00
2.739583333490597017e+00,-5.101884887689849268e-01,4.467671177945353039e-02,-6.075854777379803562e-02,0.000000000000000000e+00,0.000000000000000000e+00,0.000000000000000000e+00,0.000000000000000000e+00
2.769688644847636549e+00,-5.025155333992756823e-01,3.206843857400002995e-01,1.128516693044279151e-02,0.000000000000000000e+00,0.000000000000000000e+00,0.000000000000000000e+00,0.000000000000000000e+00
2.799793956204676082e+00,-4.861473971903681468e-01,5.946757862284748342e-01,8.332888163468360476e-02,0.000000000000000000e+00,0.000000000000000000e+00,0.000000000000000000e+00,0.000000000000000000e+00
2.829899267561715615e+00,-4.616522786575085191e-01,8.633934401597227470e-01,1.553725963389244180e-01,0.000000000000000000e+00,0.000000000000000000e+00,0.000000000000000000e+00,0.000000000000000000e+00
2.860004578918755147e+00,-4.295983763159429425e-01,1.123579874448588756e+00,2.274163110431652868e-01,0.000000000000000000e+00,0.000000000000000000e+00,0.000000000000000000e+00,0.000000000000000000e+00
2.890109890275794680e+00,-3.905538886809173937e-01,1.371977616009918632e+00,2.994600257474061000e-01,0.000000000000000000e+00,0.000000000000000000e+00,0.000000000000000000e+00,0.000000000000000000e+00
2.920215201632834212e+00,-3.450870142676782382e-01,1.605329191758557927e+00,3.715037404516468578e-01,0.000000000000000000e+00,0.000000000000000000e+00,0.000000000000000000e+00,0.000000000000000000e+00
2.950320512989873745e+00,-2.937659515914714525e-01,1.820377128609351525e+00,4.435474551558877265e-01,0.000000000000000000e+00,0.000000000000000000e+00,0.000000000000000000e+00,0.000000000000000000e+00
2.980425824346913277e+00,-2.371588991675431524e-01,2.013863953477144975e+00,5.155911698601285398e-01,0.000000000000000000e+00,0.000000000000000000e+00,0.000000000000000000e+00,0.000000000000000000e+00
3.010531135703952810e+00,-1.758340555111395087e-01,2.182532193276783161e+00,5.876348845643692975e-01,0.000000000000000000e+00,0.000000000000000000e+00,0.000000000000000000e+00,0.000000000000000000e+00
3.040636447060992342e+00,-1.103596191375067481e-01,2.323124374923111635e+00,6.596785992686102773e-01,0.000000000000000000e+00,0.000000000000000000e+00,0.000000000000000000e+00,0.000000000000000000e+00
3.070741758418031875e+00,-4.130378856189070857e-02,2.432383025330976167e+00,7.317223139728510350e-01,0.000000000000000000e+00,0.000000000000000000e+00,0.000000000000000000e+00,0.000000000000000000e+00
3.100847069775071407e+00,3.076523770046241113e-02,2.507050671415220755e+00,8.037660286770917928e-01,0.000000000000000000e+00,0.000000000000000000e+00,0.000000000000000000e+00,0.000000000000000000e+00
3.130952381132110940e+00,1.052792611343063012e-01,2.543869840090692946e+00,8.758097433813327726e-01,0.000000000000000000e+00,0.000000000000000000e+00,0.000000000000000000e+00,0.000000000000000000e+00
3.161057692489150472e+00,1.813938869973936163e-01,2.538679119115865745e+00,8.899289843782817178e-01,0.000000000000000000e+00,0.000000000000000000e+00,0.000000000000000000e+00,0.000000000000000000e+00
3.191163003846190005e+00,2.552193405270805626e-01,2.479918688753324219e+00,7.964742027759725840e-01,0.000000000000000000e+00,0.000000000000000000e+00,0.000000000000000000e+00,0.000000000000000000e+00
3.221268315203229538e+00,3.251092265234849510e-01,2.368663040991490831e+00,7.030194211736633392e-01,0.000000000000000000e+00,0.000000000000000000e+00,0.000000000000000000e+00,0.000000000000000000e+00
3.251373626560269070e+00,3.903602305222441116e-01,2.209668651047672849e+00,6.095646395713542054e-01,0.000000000000000000e+00,0.000000000000000000e+00,0.000000000000000000e+00,0.000000000000000000e+00
3.281478937917308603e+00,4.502690380589956520e-01,2.007691994139173985e+00,5.161098579690450716e-01,0.000000000000000000e+00,0.000000000000000000e+00,0.000000000000000000e+00,0.000000000000000000e+00
3.311584249274348135e+00,5.041323346693769025e-01,1.767489545483301061e+00,4.226550763667358823e-01,0.000000000000000000e+00,0.000000000000000000e+00,0.000000000000000000e+00,0.000000000000000000e+00
3.341689560631387668e+00,5.512468058890255262e-01,1.493817780297359343e+00,3.292002947644266930e-01,0.000000000000000000e+00,0.000000000000000000e+00,0.000000000000000000e+00,0.000000000000000000e+00
3.371794871988427200e+00,5.909091372535789644e-01,1.191433173798654099e+00,2.357455131621175592e-01,0.000000000000000000e+00,0.000000000000000000e+00,0.000000000000000000e+00,0.000000000000000000e+00
3.401900183345466733e+00,6.224160142986749911e-01,8.650922012044914844e-01,1.422907315598083144e-01,0.000000000000000000e+00,0.000000000000000000e+00,0.000000000000000000e+00,0.000000000000000000e+00
3.432005494702506265e+00,6.450641225599504924e-01,5.195513377321759885e-01,4.883594995749918066e-02,0.000000000000000000e+00,0.000000000000000000e+00,0.000000000000000000e+00,0.000000000000000000e+00
3.462110806059545798e+00,6.581501475730433537e-01,1.595670585990148771e-01,-4.461883164480995312e-02,0.000000000000000000e+00,0.000000000000000000e+00,0.000000000000000000e+00,0.000000000000000000e+00
3.492216117416585330e+00,6.609707748735911270e-01,-2.101041609776876928e-01,-1.380736132471190869e-01,0.000000000000000000e+00,0.000000000000000000e+00,0.000000000000000000e+00,0.000000000000000000e+00
3.522321428773624863e+00,6.528226899972312536e-01,-5.847058457806271203e-01,-2.315283948494283317e-01,0.000000000000000000e+00,0.000000000000000000e+00,0.000000000000000000e+00,0.000000000000000000e+00
3.552426740130664395e+00,6.330025784796009525e-01,-9.594815205924953627e-01,-3.249831764517375765e-01,0.000000000000000000e+00,0.000000000000000000e+00,0.000000000000000000e+00,0.000000000000000000e+00
3.582532051487703928e+00,6.008071258563381090e-01,-1.329674710195988041e+00,-4.184379580540465993e-01,0.000000000000000000e+00,0.000000000000000000e+00,0.000000000000000000e+00,0.000000000000000000e+00
3.612637362844743460e+00,5.557618257835504894e-01,-1.688193424259312403e+00,-4.809925539421210927e-01,0.000000000000000000e+00,0.000000000000000000e+00,0.000000000000000000e+00,0.000000000000000000e+00
3.642742674201782993e+00,4.999322698414636612e-01,-2.010188787958473444e+00,-4.971968712588427652e-01,0.000000000000000000e+00,0.000000000000000000e+00,0.000000000000000000e+00,0.000000000000000000e+00
3.672847985558822526e+00,4.350073651258193341e-01,-2.289997728160912960e+00,-5.134011885755644933e-01,0.000000000000000000e+00,0.000000000000000000e+00,0.000000000000000000e+00,0.000000000000000000e+00
3.702953296915862058e+00,3.622810347137923603e-01,-2.527489632513518991e+00,-5.296055058922861658e-01,0.000000000000000000e+00,0.000000000000000000e+00,0.000000000000000000e+00,0.000000000000000000e+00
3.733058608272901591e+00,2.830472016825577586e-01,-2.722533888663181134e+00,-5.458098232090078383e-01,0.000000000000000000e+00,0.000000000000000000e+00,0.000000000000000000e+00,0.000000000000000000e+00
3.763163919629941123e+00,1.985997891092908807e-01,-2.874999884256788540e+00,-5.620141405257295109e-01,0.000000000000000000e+00,0.000000000000000000e+00,0.000000000000000000e+00,0.000000000000000000e+00
3.793269230986980656e+00,1.102327200711665511e-01,-2.984757006941227253e+00,-5.782184578424511834e-01,0.000000000000000000e+00,0.000000000000000000e+00,0.000000000000000000e+00,0.000000000000000000e+00
3.823374542344020188e+00,1.923991764535987192e-02,-3.051674644363389977e+00,-5.944227751591728559e-01,0.000000000000000000e+00,0.000000000000000000e+00,0.000000000000000000e+00,0.000000000000000000e+00
3.853479853701059721e+00,-7.308469509095416594e-02,-3.075622184170160978e+00,-6.106270924758946395e-01,0.000000000000000000e+00,0.000000000000000000e+00,0.000000000000000000e+00,0.000000000000000000e+00
3.883585165058099253e+00,-1.654471950606002939e-01,-3.056469014008432072e+00,-6.268314097926163120e-01,0.000000000000000000e+00,0.000000000000000000e+00,0.000000000000000000e+00,0.000000000000000000e+00
3.913690476415138786e+00,-2.565536591864037708e-01,-2.994084521525090192e+00,-6.430357271093379845e-01,0.000000000000000000e+00,0.000000000000000000e+00,0.000000000000000000e+00,0.000000000000000000e+00
3.943795787772178318e+00,-3.451101643911892447e-01,-2.888338094367024045e+00,-6.592400444260596570e-01,0.000000000000000000e+00,0.000000000000000000e+00,0.000000000000000000e+00,0.000000000000000000e+00
3.973901099129217851e+00,-4.298227875977819745e-01,-2.739099120181122338e+00,-6.754443617427813296e-01,0.000000000000000000e+00,0.000000000000000000e+00,0.000000000000000000e+00,0.000000000000000000e+00
4.004006410486256939e+00,-5.093976057290052761e-01,-2.546236986614279107e+00,-6.916486790595027800e-01,0.000000000000000000e+00,0.000000000000000000e+00,0.000000000000000000e+00,0.000000000000000000e+00
4.034111721843296472e+00,-5.825406957076870729e-01,-2.309621081313373292e+00,-7.078529963762245636e-01,0.000000000000000000e+00,0.000000000000000000e+00,0.000000000000000000e+00,0.000000000000000000e+00
4.064217033200336004e+00,-6.476555384394878656e-01,-2.029549293950006383e+00,-6.623077394188205957e-01,0.000000000000000000e+00,0.000000000000000000e+00,0.000000000000000000e+00,0.000000000000000000e+00
4.094322344557375537e+00,-7.016774746554963471e-01,-1.711046152073008475e+00,-5.412907805708138120e-01,0.000000000000000000e+00,0.000000000000000000e+00,0.000000000000000000e+00,0.000000000000000000e+00
4.124427655914415070e+00,-7.441158865391848121e-01,-1.360018211147436151e+00,-4.202738217228069173e-01,0.000000000000000000e+00,0.000000000000000000e+00,0.000000000000000000e+00,0.000000000000000000e+00
4.154532967271454602e+00,-7.749988323136770552e-01,-9.820184672680963844e-01,-2.992568628748000781e-01,0.000000000000000000e+00,0.000000000000000000e+00,0.000000000000000000e+00,0.000000000000000000e+00
4.184638278628494135e+00,-7.943543702020970931e-01,-5.825999165297950366e-01,-1.782399040267932389e-01,0.000000000000000000e+00,0.000000000000000000e+00,0.000000000000000000e+00,0.000000000000000000e+00
4.214743589985533667e+00,-8.022105584275687207e-01,-1.673155550273384695e-01,-5.722294517878645514e-02,0.000000000000000000e+00,0.000000000000000000e+00,0.000000000000000000e+00,0.000000000000000000e+00
4.244848901342573200e+00,-7.985954552132160655e-01,2.582816211444667331e-01,6.379401366922032857e-02,0.000000000000000000e+00,0.000000000000000000e+00,0.000000000000000000e+00,0.000000000000000000e+00
4.274954212699612732e+00,-7.835371187821627004e-01,6.886386158908144317e-01,1.848109725172272233e-01,0.000000000000000000e+00,0.000000000000000000e+00,0.000000000000000000e+00,0.000000000000000000e+00
4.305059524056652265e+00,-7.570636073575326419e-01,1.118202433116898042e+00,3.058279313652340070e-01,0.000000000000000000e+00,0.000000000000000000e+00,0.000000000000000000e+00,0.000000000000000000e+00
4.335164835413691797e+00,-7.192029791624504620e-01,1.541420076727911370e+00,4.268448902132407907e-01,0.000000000000000000e+00,0.000000000000000000e+00,0.000000000000000000e+00,0.000000000000000000e+00
4.365270146770731330e+00,-6.699832924200388451e-01,1.952738550629047998e+00,5.478618490612477965e-01,0.000000000000000000e+00,0.000000000000000000e+00,0.000000000000000000e+00,0.000000000000000000e+00
4.395375458127770862e+00,-6.094326053534229182e-01,2.346604858725502396e+00,6.688788079092545802e-01,0.000000000000000000e+00,0.000000000000000000e+00,0.000000000000000000e+00,0.000000000000000000e+00
4.425480769484810395e+00,-5.375789761857253657e-01,2.717466004922465928e+00,7.898957667572613639e-01,0.000000000000000000e+00,0.000000000000000000e+00,0.000000000000000000e+00,0.000000000000000000e+00
4.455586080841849927e+00,-4.544504631400712036e-01,3.059768993125135950e+00,9.109127256052681476e-01,0.000000000000000000e+00,0.000000000000000000e+00,0.000000000000000000e+00,0.000000000000000000e+00
4.485691392198889460e+00,-3.600751244395837825e-01,3.367960827238703381e+00,1.031929684453274820e+00,0.000000000000000000e+00,0.000000000000000000e+00,0.000000000000000000e+00,0.000000000000000000e+00
4.515796703555928993e+00,-2.552783340196745354e-01,3.630746680864955778e+00,1.062600756453579542e+00,0.000000000000000000e+00,0.000000000000000000e+00,0.000000000000000000e+00,0.000000000000000000e+00
4.545902014912968525e+00,-1.454254642779796713e-01,3.812223945642905676e+00,1.002925941606176652e+00,0.000000000000000000e+00,0.000000000000000000e+00,0.000000000000000000e+00,0.000000000000000000e+00
4.576007326270008058e+00,-3.275618445192589323e-02,3.911579072924075806e+00,9.432511267587737613e-01,0.000000000000000000e+00,0.000000000000000000e+00,0.000000000000000000e+00,0.000000000000000000e+00
4.606112637627047590e+00,8.122566083326002162e-02,3.934196052091643026e+00,8.835763119113708708e-01,0.000000000000000000e+00,0.000000000000000000e+00,0.000000000000000000e+00,0.000000000000000000e+00
4.636217948984087123e+00,1.950162269523512681e-01,3.885458872528785967e+00,8.239014970639679802e-01,0.000000000000000000e+00,0.000000000000000000e+00,0.000000000000000000e+00,0.000000000000000000e+00
4.666323260341126655e+00,3.071116692801210135e-01,3.770751523618682821e+00,7.642266822165650897e-01,0.000000000000000000e+00,0.000000000000000000e+00,0.000000000000000000e+00,0.000000000000000000e+00
4.696428571698166188e+00,4.160081431913425498e-01,3.595457994744512220e+00,7.045518673691621991e-01,0.000000000000000000e+00,0.000000000000000000e+00,0.000000000000000000e+00,0.000000000000000000e+00
4.726533883055205720e+00,5.202018040607890859e-01,3.364962275289450577e+00,6.448770525217591976e-01,0.000000000000000000e+00,0.000000000000000000e+00,0.000000000000000000e+00,0.000000000000000000e+00
4.756639194412245253e+00,6.181888072632336639e-01,3.084648354636680079e+00,5.852022376743563070e-01,0.000000000000000000e+00,0.000000000000000000e+00,0.000000000000000000e+00,0.000000000000000000e+00
4.786744505769284785e+00,7.084653081734497704e-01,2.759900222169374029e+00,5.255274228269534165e-01,0.000000000000000000e+00,0.000000000000000000e+00,0.000000000000000000e+00,0.000000000000000000e+00
4.816849817126324318e+00,7.895274621662102810e-01,2.396101867270715502e+00,4.658526079795504149e-01,0.000000000000000000e+00,0.000000000000000000e+00,0.000000000000000000e+00,0.000000000000000000e+00
4.846955128483363850e+00,8.598714246162885155e-01,1.998637279323878468e+00,4.061777931321475243e-01,0.000000000000000000e+00,0.000000000000000000e+00,0.000000000000000000e+00,0.000000000000000000e+00
4.877060439840403383e+00,9.179933508984579049e-01,1.572890447712043782e+00,3.465029782847446338e-01,0.000000000000000000e+00,0.000000000000000000e+00,0.000000000000000000e+00,0.000000000000000000e+00
4.907165751197442916e+00,9.623893963874913249e-01,1.124245361818387856e+00,2.868281634373417432e-01,0.000000000000000000e+00,0.000000000000000000e+00,0.000000000000000000e+00,0.000000000000000000e+00
4.937271062554482448e+00,9.915557164581619842e-01,6.580860110260924323e-01,2.271533485899388527e-01,0.000000000000000000e+00,0.000000000000000000e+00,0.000000000000000000e+00,0.000000000000000000e+00
4.967376373911521981e+00,1.003978225036475935e+00,1.792340521870187386e-01,1.405548798168642644e-01,0.000000000000000000e+00,0.000000000000000000e+00,0.000000000000000000e+00,0.000000000000000000e+00
4.997481685268561513e+00,9.991109289094789458e-01,-3.093275721371568365e-01,3.192796692278454529e-02,0.000000000000000000e+00,0.000000000000000000e+00,0.000000000000000000e+00,0.000000000000000000e+00
5.027586996625601046e+00,9.778766687728043250e-01,-8.016789507690688099e-01,-7.669894597129517377e-02,0.000000000000000000e+00,0.000000000000000000e+00,0.000000000000000000e+00,0.000000000000000000e+00
5.057692307982640578e+00,9.412901419590303798e-01,-1.291491867392730697e+00,-1.853258588653748373e-01,0.000000000000000000e+00,0.000000000000000000e+00,0.000000000000000000e+00,0.000000000000000000e+00
5.087797619339680111e+00,8.903660458007350842e-01,-1.772438105692154986e+00,-2.939527717594545564e-01,0.000000000000000000e+00,0.000000000000000000e+00,0.000000000000000000e+00,0.000000000000000000e+00
5.117902930696719643e+00,8.261190776304971894e-01,-2.238189449351354554e+00,-4.025796846535342755e-01,0.000000000000000000e+00,0.000000000000000000e+00,0.000000000000000000e+00,0.000000000000000000e+00
5.148008242053759176e+00,7.495639347808944475e-01,-2.682417682054343278e+00,-5.112065975476138835e-01,0.000000000000000000e+00,0.000000000000000000e+00,0.000000000000000000e+00,0.000000000000000000e+00
5.178113553410798708e+00,6.617153145845050544e-01,-3.098794587485133256e+00,-6.198335104416936581e-01,0.000000000000000000e+00,0.000000000000000000e+00,0.000000000000000000e+00,0.000000000000000000e+00
5.208218864767838241e+00,5.635879143739077612e-01,-3.480991949327737700e+00,-7.284604233357734326e-01,0.000000000000000000e+00,0.000000000000000000e+00,0.000000000000000000e+00,0.000000000000000000e+00
5.238324176124877773e+00,4.561964314816804311e-01,-3.822681551266168931e+00,-8.370873362298529852e-01,0.000000000000000000e+00,0.000000000000000000e+00,0.000000000000000000e+00,0.000000000000000000e+00
5.268429487481917306e+00,3.405555632404012600e-01,-4.117535176984441492e+00,-9.457142491239327597e-01,0.000000000000000000e+00,0.000000000000000000e+00,0.000000000000000000e+00,0.000000000000000000e+00
5.298534798838956839e+00,2.176800069826486661e-01,-4.359224610166567260e+00,-1.054341162018012312e+00,0.000000000000000000e+00,0.000000000000000000e+00,0.000000000000000000e+00,0.000000000000000000e+00
5.328640110195996371e+00,8.858446004100073434e-02,-4.541421634496559889e+00,-1.162968074912092087e+00,0.000000000000000000e+00,0.000000000000000000e+00,0.000000000000000000e+00,0.000000000000000000e+00
5.358745421553035904e+00,-4.571638025196345101e-02,-4.657798033658430370e+00,-1.271594987806171861e+00,0.000000000000000000e+00,0.000000000000000000e+00,0.000000000000000000e+00,0.000000000000000000e+00
5.388850732910075436e+00,-1.842078165636670262e-01,-4.702025591336195021e+00,-1.380221900700251414e+00,0.000000000000000000e+00,0.000000000000000000e+00,0.000000000000000000e+00,0.000000000000000000e+00
5.418956044267114969e+00,-3.245542708053277825e-01,-4.667200788939378064e+00,-1.355181202313753053e+00,0.000000000000000000e+00,0.000000000000000000e+00,0.000000000000000000e+00,0.000000000000000000e+00
5.449061355624154501e+00,-4.602746210344590416e-01,-4.550201262370911159e+00,-1.241028763073531493e+00,0.000000000000000000e+00,0.000000000000000000e+00,0.000000000000000000e+00,0.000000000000000000e+00
5.479166666981194034e+00,-5.896846741441810202e-01,-4.357151912190085241e+00,-1.126876323833309934e+00,0.000000000000000000e+00,0.000000000000000000e+00,0.000000000000000000e+00,0.000000000000000000e+00
5.509271978338233566e+00,-7.116850365754430197e-01,-4.094781515342956091e+00,-1.012723884593088375e+00,0.000000000000000000e+00,0.000000000000000000e+00,0.000000000000000000e+00,0.000000000000000000e+00
5.539377289695273099e+00,-8.251763147691943967e-01,-3.769818848775575493e+00,-8.985714453528668155e-01,0.000000000000000000e+00,0.000000000000000000e+00,0.000000000000000000e+00,0.000000000000000000e+00
5.569482601052312631e+00,-9.290591151663841751e-01,-3.388992689433997008e+00,-7.844190061126452562e-01,0.000000000000000000e+00,0.000000000000000000e+00,0.000000000000000000e+00,0.000000000000000000e+00
5.599587912409352164e+00,-1.022234044207961601e+00,-2.959031814264271532e+00,-6.702665668724236969e-01,0.000000000000000000e+00,0.000000000000000000e+00,0.000000000000000000e+00,0.000000000000000000e+00
5.629693223766391696e+00,-1.103601708334875919e+00,-2.486665000212453958e+00,-5.561141276322021376e-01,0.000000000000000000e+00,0.000000000000000000e+00,0.000000000000000000e+00,0.000000000000000000e+00
5.659798535123431229e+00,-1.172062713988076155e+00,-1.978621024224596736e+00,-4.419616883919805783e-01,0.000000000000000000e+00,0.000000000000000000e+00,0.000000000000000000e+00,0.000000000000000000e+00
5.689903846480470762e+00,-1.226517667608511664e+00,-1.441628663246752762e+00,-3.278092491517590190e-01,0.000000000000000000e+00,0.000000000000000000e+00,0.000000000000000000e+00,0.000000000000000000e+00
5.720009157837510294e+00,-1.265867175637131803e+00,-8.824166942249753731e-01,-2.136568099115374597e-01,0.000000000000000000e+00,0.000000000000000000e+00,0.000000000000000000e+00,0.000000000000000000e+00
5.750114469194549827e+00,-1.289011844514885707e+00,-3.077138941053167986e-01,-9.950437067131590041e-02,0.000000000000000000e+00,0.000000000000000000e+00,0.000000000000000000e+00,0.000000000000000000e+00
5.780219780551589359e+00,-1.294852280682722068e+00,2.757509601661705112e-01,1.464806856890565889e-02,0.000000000000000000e+00,0.000000000000000000e+00,0.000000000000000000e+00,0.000000000000000000e+00
5.810325091908628892e+00,-1.282289090581591129e+00,8.612490916434314414e-01,1.288005078091272182e-01,0.000000000000000000e+00,0.000000000000000000e+00,0.000000000000000000e+00,0.000000000000000000e+00
5.840430403265668424e+00,-1.250222880652440915e+00,1.442051723380417094e+00,2.429529470493487775e-01,0.000000000000000000e+00,0.000000000000000000e+00,0.000000000000000000e+00,0.000000000000000000e+00
5.870535714622707957e+00,-1.197846002638046636e+00,2.010389614791638913e+00,3.285053960187902522e-01,0.000000000000000000e+00,0.000000000000000000e+00,0.000000000000000000e+00,0.000000000000000000e+00
5.900641025979747489e+00,-1.126371416085360844e+00,2.556563149847104199e+00,3.986578502270413660e-01,0.000000000000000000e+00,0.000000000000000000e+00,0.000000000000000000e+00,0.000000000000000000e+00
5.930746337336787022e+00,-1.037607339324556621e+00,3.074863740989145278e+00,4.688103044352924798e-01,0.000000000000000000e+00,0.000000000000000000e+00,0.000000000000000000e+00,0.000000000000000000e+00
5.960851648693826554e+00,-9.333362398069411370e-01,3.559912024060745139e+00,5.389627586435437046e-01,0.000000000000000000e+00,0.000000000000000000e+00,0.000000000000000000e+00,0.000000000000000000e+00
5.990956960050866087e+00,-8.153405849838223363e-01,4.006328634904885000e+00,6.091152128517948183e-01,0.000000000000000000e+00,0.000000000000000000e+00,0.000000000000000000e+00,0.000000000000000000e+00
6.021062271407905619e+00,-6.854028423065076092e-01,4.408734209364547851e+00,6.792676670600459321e-01,0.000000000000000000e+00,0.000000000000000000e+00,0.000000000000000000e+00,0.000000000000000000e+00
6.051167582764945152e+00,-5.453054792263037909e-01,4.761749383282716686e+00,7.494201212682971569e-01,0.000000000000000000e+00,0.000000000000000000e+00,0.000000000000000000e+00,0.000000000000000000e+00
6.081272894121984685e+00,-3.968309631945188265e-01,5.059994792502370942e+00,8.195725754765482707e-01,0.000000000000000000e+00,0.000000000000000000e+00,0.000000000000000000e+00,0.000000000000000000e+00
6.111378205479024217e+00,-2.417617616624599119e-01,5.298091072866498941e+00,8.897250296847993845e-01,0.000000000000000000e+00,0.000000000000000000e+00,0.000000000000000000e+00,0.000000000000000000e+00
6.141483516836063750e+00,-8.188034208143435411e-02,5.470658860218078345e+00,9.598774838930504982e-01,0.000000000000000000e+00,0.000000000000000000e+00,0.000000000000000000e+00,0.000000000000000000e+00
6.171588828193103282e+00,8.103082809725037361e-02,5.572318790400090371e+00,1.030029938101301612e+00,0.000000000000000000e+00,0.000000000000000000e+00,0.000000000000000000e+00,0.000000000000000000e+00
6.201694139550142815e+00,2.451892814222870198e-01,5.597691499255521563e+00,1.100182392309552615e+00,0.000000000000000000e+00,0.000000000000000000e+00,0.000000000000000000e+00,0.000000000000000000e+00
6.231799450907182347e+00,4.088125504423679724e-01,5.541397622627350472e+00,1.170334846517803840e+00,0.000000000000000000e+00,0.000000000000000000e+00,0.000000000000000000e+00,0.000000000000000000e+00
6.261904762264221880e+00,5.701181677061853970e-01,5.398057796358564531e+00,1.240487300726055064e+00,0.000000000000000000e+00,0.000000000000000000e+00,0.000000000000000000e+00,0.000000000000000000e+00
6.292010073621261412e+00,7.273236657624333468e-01,5.162292656292141402e+00,1.310639754934306289e+00,0.000000000000000000e+00,0.000000000000000000e+00,0.000000000000000000e+00,0.000000000000000000e+00
6.322115384978300945e+00,8.774915385168852167e-01,4.842175216506722002e+00,1.243818863060165647e+00,0.000000000000000000e+00,0.000000000000000000e+00,0.000000000000000000e+00,0.000000000000000000e+00
6.352220696335340477e+00,1.016056178359240114e+00,4.475595095217247632e+00,1.118295108579283159e+00,0.000000000000000000e+00,0.000000000000000000e+00,0.000000000000000000e+00,0.000000000000000000e+00
6.382326007692380010e+00,1.142176572651855126e+00,4.068405582034616330e+00,9.927713540984004492e-01,0.000000000000000000e+00,0.000000000000000000e+00,0.000000000000000000e+00,0.000000000000000000e+00
6.412431319049419542e+00,1.255241426297218021e+00,3.624122550147856447e+00,8.672475996175179613e-01,0.000000000000000000e+00,0.000000000000000000e+00,0.000000000000000000e+00,0.000000000000000000e+00
6.442536630406459075e+00,1.354639444197815790e+00,3.146261872745998112e+00,7.417238451366353624e-01,0.000000000000000000e+00,0.000000000000000000e+00,0.000000000000000000e+00,0.000000000000000000e+00
6.472641941763498608e+00,1.439759331256134756e+00,2.638339423018069230e+00,6.162000906557527635e-01,0.000000000000000000e+00,0.000000000000000000e+00,0.000000000000000000e+00,0.000000000000000000e+00
6.502747253120538140e+00,1.509989792374662354e+00,2.103871074153100373e+00,4.906763361748701646e-01,0.000000000000000000e+00,0.000000000000000000e+00,0.000000000000000000e+00,0.000000000000000000e+00
6.532852564477577673e+00,1.564719532455886242e+00,1.546372699340121004e+00,3.651525816939876767e-01,0.000000000000000000e+00,0.000000000000000000e+00,0.000000000000000000e+00,0.000000000000000000e+00
6.562957875834617205e+00,1.603337256402292299e+00,9.693601717681594732e-01,2.396288272131050778e-01,0.000000000000000000e+00,0.000000000000000000e+00,0.000000000000000000e+00,0.000000000000000000e+00
6.593063187191656738e+00,1.625231669116367739e+00,3.763493646262454639e-01,1.141050727322225899e-01,0.000000000000000000e+00,0.000000000000000000e+00,0.000000000000000000e+00,0.000000000000000000e+00
6.623168498548696270e+00,1.629791475500600217e+00,-2.291438488965911180e-01,-1.141868174866011998e-02,0.000000000000000000e+00,0.000000000000000000e+00,0.000000000000000000e+00,0.000000000000000000e+00
6.653273809905735803e+00,1.616405380457476060e+00,-8.436035956113212553e-01,-1.369424362295426079e-01,0.000000000000000000e+00,0.000000000000000000e+00,0.000000000000000000e+00,0.000000000000000000e+00
6.683379121262775335e+00,1.584462088889482256e+00,-1.463514002328916597e+00,-2.624661907104253178e-01,0.000000000000000000e+00,0.000000000000000000e+00,0.000000000000000000e+00,0.000000000000000000e+00
6.713484432619814868e+00,1.533350305699106242e+00,-2.085359195860347015e+00,-3.879899451913078057e-01,0.000000000000000000e+00,0.000000000000000000e+00,0.000000000000000000e+00,0.000000000000000000e+00
6.743589743976854400e+00,1.462458735788834341e+00,-2.705623303016582604e+00,-5.135136996721902936e-01,0.000000000000000000e+00,0.000000000000000000e+00,0.000000000000000000e+00,0.000000000000000000e+00
6.773695055333893933e+00,1.371127637495195950e+00,-3.313031084439540308e+00,-5.741020500839021379e-01,0.000000000000000000e+00,0.000000000000000000e+00,0.000000000000000000e+00,0.000000000000000000e+00
6.803800366690933465e+00,1.260028951199753555e+00,-3.884317585278418417e+00,-6.130452658058893611e-01,0.000000000000000000e+00,0.000000000000000000e+00,0.000000000000000000e+00,0.000000000000000000e+00
6.833905678047972998e+00,1.131263503745430610e+00,-4.413589158036308469e+00,-6.519884815278764734e-01,0.000000000000000000e+00,0.000000000000000000e+00,0.000000000000000000e+00,0.000000000000000000e+00
6.864010989405012531e+00,9.869661102415780984e-01,-4.895798353091690203e+00,-6.909316972498636966e-01,0.000000000000000000e+00,0.000000000000000000e+00,0.000000000000000000e+00,0.000000000000000000e+00
6.894116300762052063e+00,8.292715857975470062e-01,-5.325897720823046910e+00,-7.298749129718509199e-01,0.000000000000000000e+00,0.000000000000000000e+00,0.000000000000000000e+00,0.000000000000000000e+00
6.924221612119091596e+00,6.603147455226882068e-01,-5.698839811608858774e+00,-7.688181286938380321e-01,0.000000000000000000e+00,0.000000000000000000e+00,0.000000000000000000e+00,0.000000000000000000e+00
6.954326923476131128e+00,4.822304045263528516e-01,-6.009577175827605089e+00,-8.077613444158251443e-01,0.000000000000000000e+00,0.000000000000000000e+00,0.000000000000000000e+00,0.000000000000000000e+00
6.984432234833170661e+00,2.971533779178919810e-01,-6.253062363857767814e+00,-8.467045601378124786e-01,0.000000000000000000e+00,0.000000000000000000e+00,0.000000000000000000e+00,0.000000000000000000e+00
7.014537546190210193e+00,1.072184808066565243e-01,-6.424247926077829796e+00,-8.856477758597995908e-01,0.000000000000000000e+00,0.000000000000000000e+00,0.000000000000000000e+00,0.000000000000000000e+00
7.044642857547249726e+00,-8.543947169800236718e-02,-6.518086412866270329e+00,-9.245909915817867031e-01,0.000000000000000000e+00,0.000000000000000000e+00,0.000000000000000000e+00,0.000000000000000000e+00
7.074748168904289258e+00,-2.786856644867340416e-01,-6.529530374601567821e+00,-9.635342073037739263e-01,0.000000000000000000e+00,0.000000000000000000e+00,0.000000000000000000e+00,0.000000000000000000e+00
7.104853480261328791e+00,-4.703852824501870700e-01,-6.453532361662208672e+00,-1.002477423025761150e+00,0.000000000000000000e+00,0.000000000000000000e+00,0.000000000000000000e+00,0.000000000000000000e+00
7.134958791618368323e+00,-6.584035104790106896e-01,-6.285044924426671287e+00,-1.041420638747748262e+00,0.000000000000000000e+00,0.000000000000000000e+00,0.000000000000000000e+00,0.000000000000000000e+00
7.165064102975407856e+00,-8.406055334638535825e-01,-6.019020613273434961e+00,-1.080363854469735596e+00,0.000000000000000000e+00,0.000000000000000000e+00,0.000000000000000000e+00,0.000000000000000000e+00
7.195169414332447388e+00,-1.014856536295365208e+00,-5.650411978580986982e+00,-1.119307070191722708e+00,0.000000000000000000e+00,0.000000000000000000e+00,0.000000000000000000e+00,0.000000000000000000e+00
7.225274725689486921e+00,-1.178126259601921522e+00,-5.203564155956346582e+00,-1.027764703478898811e+00,0.000000000000000000e+00,0.000000000000000000e+00,0.000000000000000000e+00,0.000000000000000000e+00
7.255380037046526454e+00,-1.327382306179585303e+00,-4.737198229964231011e+00,-9.036009411573712180e-01,0.000000000000000000e+00,0.000000000000000000e+00,0.000000000000000000e+00,0.000000000000000000e+00
7.285485348403565986e+00,-1.462180086797756351e+00,-4.253891475778432962e+00,-7.794371788358434028e-01,0.000000000000000000e+00,0.000000000000000000e+00,0.000000000000000000e+00,0.000000000000000000e+00
7.315590659760605519e+00,-1.582142696895884715e+00,-3.754422975541052754e+00,-6.552734165143156986e-01,0.000000000000000000e+00,0.000000000000000000e+00,0.000000000000000000e+00,0.000000000000000000e+00
7.345695971117645051e+00,-1.686893231913420443e+00,-3.239571811394190703e+00,-5.311096541927881054e-01,0.000000000000000000e+00,0.000000000000000000e+00,0.000000000000000000e+00,0.000000000000000000e+00
7.375801282474684584e+00,-1.776054787289814030e+00,-2.710117065479946241e+00,-4.069458918712602902e-01,0.000000000000000000e+00,0.000000000000000000e+00,0.000000000000000000e+00,0.000000000000000000e+00
7.405906593831724116e+00,-1.849250458464515523e+00,-2.166837819940421017e+00,-2.827821295497325860e-01,0.000000000000000000e+00,0.000000000000000000e+00,0.000000000000000000e+00,0.000000000000000000e+00
7.436011905188763649e+00,-1.906103340876974972e+00,-1.610513156917714017e+00,-1.586183672282048818e-01,0.000000000000000000e+00,0.000000000000000000e+00,0.000000000000000000e+00,0.000000000000000000e+00
7.466117216545803181e+00,-1.946236529966642204e+00,-1.041922158553926225e+00,-3.445460490667717757e-02,0.000000000000000000e+00,0.000000000000000000e+00,0.000000000000000000e+00,0.000000000000000000e+00
7.496222527902842714e+00,-1.969273121172967711e+00,-4.618439069911572936e-01,8.970915741485052664e-02,0.000000000000000000e+00,0.000000000000000000e+00,0.000000000000000000e+00,0.000000000000000000e+00
7.526327839259882246e+00,-1.974836209935401543e+00,1.289425156284928486e-01,2.138729197363782308e-01,0.000000000000000000e+00,0.000000000000000000e+00,0.000000000000000000e+00,0.000000000000000000e+00
7.556433150616921779e+00,-1.962548891693393971e+00,7.296580271629236059e-01,3.380366820579059350e-01,0.000000000000000000e+00,0.000000000000000000e+00,0.000000000000000000e+00,0.000000000000000000e+00
7.586538461973961311e+00,-1.932034261886394821e+00,1.339523545470034716e+00,4.622004443794336392e-01,0.000000000000000000e+00,0.000000000000000000e+00,0.000000000000000000e+00,0.000000000000000000e+00
7.616643773331000844e+00,-1.882915415953854810e+00,1.957759988407725693e+00,5.863642067009613434e-01,0.000000000000000000e+00,0.000000000000000000e+00,0.000000000000000000e+00,0.000000000000000000e+00
7.646749084688040377e+00,-1.814815449335224429e+00,2.583588273833897109e+00,7.105279690224890476e-01,0.000000000000000000e+00,0.000000000000000000e+00,0.000000000000000000e+00,0.000000000000000000e+00
7.676854396045079909e+00,-1.725617485825603703e+00,3.216099260446700470e+00,7.660529582731030462e-01,0.000000000000000000e+00,0.000000000000000000e+00,0.000000000000000000e+00,0.000000000000000000e+00
7.706959707402119442e+00,-1.613344942490336331e+00,3.848669211785309408e+00,8.094652228641434633e-01,0.000000000000000000e+00,0.000000000000000000e+00,0.000000000000000000e+00,0.000000000000000000e+00
7.737065018759158974e+00,-1.480051507901948060e+00,4.470701698465773255e+00,8.528774874551837692e-01,0.000000000000000000e+00,0.000000000000000000e+00,0.000000000000000000e+00,0.000000000000000000e+00
7.767170330116198507e+00,-1.327854409596491037e+00,5.071567403006871366e+00,8.962897520462241863e-01,0.000000000000000000e+00,0.000000000000000000e+00,0.000000000000000000e+00,0.000000000000000000e+00
7.797275641473238039e+00,-1.158870875110015852e+00,5.640637007927380431e+00,9.397020166372644923e-01,0.000000000000000000e+00,0.000000000000000000e+00,0.000000000000000000e+00,0.000000000000000000e+00
7.827380952830277572e+00,-9.752181319785745428e-01,6.167281195746081579e+00,9.831142812283049093e-01,0.000000000000000000e+00,0.000000000000000000e+00,0.000000000000000000e+00,0.000000000000000000e+00
7.857486264187317104e+00,-7.790134077382179223e-01,6.640870648981750612e+00,1.026526545819345326e+00,0.000000000000000000e+00,0.000000000000000000e+00,0.000000000000000000e+00,0.000000000000000000e+00
7.887591575544356637e+00,-5.723739299249978041e-01,7.050776050153169550e+00,1.069938810410385521e+00,0.000000000000000000e+00,0.000000000000000000e+00,0.000000000000000000e+00,0.000000000000000000e+00
7.917696886901396169e+00,-3.574169260749651134e-01,7.386368081779115968e+00,1.113351075001425938e+00,0.000000000000000000e+00,0.000000000000000000e+00,0.000000000000000000e+00,0.000000000000000000e+00
7.947802198258435702e+00,-1.362596237241714414e-01,7.637017426378368334e+00,1.156763339592466355e+00,0.000000000000000000e+00,0.000000000000000000e+00,0.000000000000000000e+00,0.000000000000000000e+00
7.977907509615475234e+00,8.898074959133173145e-02,7.792094766469707778e+00,1.200175604183506550e+00,0.000000000000000000e+00,0.000000000000000000e+00,0.000000000000000000e+00,0.000000000000000000e+00
8.008012820972513879e+00,3.161869663354867077e-01,7.840970784571911878e+00,1.243587868774545857e+00,0.000000000000000000e+00,0.000000000000000000e+00,0.000000000000000000e+00,0.000000000000000000e+00
8.038118132329554300e+00,5.432417989722618801e-01,7.773016163203756435e+00,1.287000133365587384e+00,0.000000000000000000e+00,0.000000000000000000e+00,0.000000000000000000e+00,0.000000000000000000e+00
8.068223443686592944e+00,7.680280199655787898e-01,7.577601584884033237e+00,1.330412397956626469e+00,0.000000000000000000e+00,0.000000000000000000e+00,0.000000000000000000e+00,0.000000000000000000e+00
8.098328755043633365e+00,9.884284017794140453e-01,7.244097732131493217e+00,1.373824662547668218e+00,0.000000000000000000e+00,0.000000000000000000e+00,0.000000000000000000e+00,0.000000000000000000e+00
8.128434066400672009e+00,1.199263474237686644e+00,6.818052258092085260e+00,1.302626972533689198e+00,0.000000000000000000e+00,0.000000000000000000e+00,0.000000000000000000e+00,0.000000000000000000e+00
8.158539377757712430e+00,1.395522784834518637e+00,6.379626005999516458e+00,1.218694843119146665e+00,0.000000000000000000e+00,0.000000000000000000e+00,0.000000000000000000e+00,0.000000000000000000e+00
8.188644689114751074e+00,1.577652752365194866e+00,5.933737247588427799e+00,1.134762713704609460e+00,0.000000000000000000e+00,0.000000000000000000e+00,0.000000000000000000e+00,0.000000000000000000e+00
8.218750000471791495e+00,1.746141944081049502e+00,5.484635509820175336e+00,1.050830584290066927e+00,0.000000000000000000e+00,0.000000000000000000e+00,0.000000000000000000e+00,0.000000000000000000e+00
8.248855311828830139e+00,1.901478927233374971e+00,5.036570319656220818e+00,9.668984548755295005e-01,0.000000000000000000e+00,0.000000000000000000e+00,0.000000000000000000e+00,0.000000000000000000e+00
8.278960623185870560e+00,2.044152269073501671e+00,4.593791204057922961e+00,8.829663254609871892e-01,0.000000000000000000e+00,0.000000000000000000e+00,0.000000000000000000e+00,0.000000000000000000e+00
8.309065934542909204e+00,2.174650536852724692e+00,4.160547689986739961e+00,7.990341960464497628e-01,0.000000000000000000e+00,0.000000000000000000e+00,0.000000000000000000e+00,0.000000000000000000e+00
8.339171245899949625e+00,2.293462297822372431e+00,3.741089304404034088e+00,7.151020666319074515e-01,0.000000000000000000e+00,0.000000000000000000e+00,0.000000000000000000e+00,0.000000000000000000e+00
8.369276557256988269e+00,2.401076119233743533e+00,3.339665574271262649e+00,6.311699372173700251e-01,0.000000000000000000e+00,0.000000000000000000e+00,0.000000000000000000e+00,0.000000000000000000e+00
8.399381868614028690e+00,2.497980568338161511e+00,2.960526026549787471e+00,5.472378078028277137e-01,0.000000000000000000e+00,0.000000000000000000e+00,0.000000000000000000e+00,0.000000000000000000e+00
8.429487179971067334e+00,2.584664212386928561e+00,2.607920188201064526e+00,4.633056783882902874e-01,0.000000000000000000e+00,0.000000000000000000e+00,0.000000000000000000e+00,0.000000000000000000e+00
8.459592491328107755e+00,2.661615618631366864e+00,2.286097586186459196e+00,3.793735489737478650e-01,0.000000000000000000e+00,0.000000000000000000e+00,0.000000000000000000e+00,0.000000000000000000e+00
8.489697802685146399e+00,2.729323354322779949e+00,1.999307747467421459e+00,2.954414195592105497e-01,0.000000000000000000e+00,0.000000000000000000e+00,0.000000000000000000e+00,0.000000000000000000e+00
8.519803114042186820e+00,2.788275986712486443e+00,1.751800199005326686e+00,2.115092901446682383e-01,0.000000000000000000e+00,0.000000000000000000e+00,0.000000000000000000e+00,0.000000000000000000e+00
8.549908425399225465e+00,2.838962083051795204e+00,1.547824467761611755e+00,1.275771607301308119e-01,0.000000000000000000e+00,0.000000000000000000e+00,0.000000000000000000e+00,0.000000000000000000e+00
8.580013736756265885e+00,2.883367286090286363e+00,1.377816830081372457e+00,6.468463071663896335e-02,0.000000000000000000e+00,0.000000000000000000e+00,0.000000000000000000e+00,0.000000000000000000e+00
8.610119048113304530e+00,2.923591610297717747e+00,1.225401768475259612e+00,2.899448040048394071e-03,0.000000000000000000e+00,0.000000000000000000e+00,0.000000000000000000e+00,0.000000000000000000e+00
8.640224359470344950e+00,2.959804513622307454e+00,1.088693715116790584e+00,-5.888573463654582507e-02,0.000000000000000000e+00,0.000000000000000000e+00,0.000000000000000000e+00,0.000000000000000000e+00
8.670329670827383595e+00,2.992171172242441113e+00,9.658428246264979533e-01,-1.206709173131363805e-01,0.000000000000000000e+00,0.000000000000000000e+00,0.000000000000000000e+00,0.000000000000000000e+00
8.700434982184424015e+00,3.020856762336514123e+00,8.549992516248833274e-01,-1.824560999897305580e-01,0.000000000000000000e+00,0.000000000000000000e+00,0.000000000000000000e+00,0.000000000000000000e+00
8.730540293541462660e+00,3.046026460082913889e+00,7.543131507324758456e-01,-2.442412826663211689e-01,0.000000000000000000e+00,0.000000000000000000e+00,0.000000000000000000e+00,0.000000000000000000e+00
8.760645604898503080e+00,3.067845441660034922e+00,6.619346765697801116e-01,-3.060264653429153325e-01,0.000000000000000000e+00,0.000000000000000000e+00,0.000000000000000000e+00,0.000000000000000000e+00
8.790750916255541725e+00,3.086478883246263738e+00,5.760139837573228228e-01,-3.678116480195059435e-01,0.000000000000000000e+00,0.000000000000000000e+00,0.000000000000000000e+00,0.000000000000000000e+00
8.820856227612582146e+00,3.102091961019994848e+00,4.947012269156104702e-01,-4.295968306961001626e-01,0.000000000000000000e+00,0.000000000000000000e+00,0.000000000000000000e+00,0.000000000000000000e+00
8.850961538969620790e+00,3.114849851159617433e+00,4.161465606651684745e-01,-4.913820133726906625e-01,0.000000000000000000e+00,0.000000000000000000e+00,0.000000000000000000e+00,0.000000000000000000e+00
8.881066850326661211e+00,3.124917729843523340e+00,3.385001396265041596e-01,-5.531671960492849927e-01,0.000000000000000000e+00,0.000000000000000000e+00,0.000000000000000000e+00,0.000000000000000000e+00
8.911172161683699855e+00,3.132460773250102637e+00,2.599121184201429458e-01,-6.149523787258754925e-01,0.000000000000000000e+00,0.000000000000000000e+00,0.000000000000000000e+00,0.000000000000000000e+00
8.941277473040740276e+00,3.137644157557746727e+00,1.785326516665909358e-01,-6.767375614024697672e-01,0.000000000000000000e+00,0.000000000000000000e+00,0.000000000000000000e+00,0.000000000000000000e+00
8.971382784397778920e+00,3.140633058944846567e+00,9.251189398637449379e-02,-7.385227440790602671e-01,0.000000000000000000e+00,0.000000000000000000e+00,0.000000000000000000e+00,0.000000000000000000e+00
9.001488095754819341e+00,3.141592653589793116e+00,6.661338147750939243e-16,-8.003079267556545418e-01,0.000000000000000000e+00,0.000000000000000000e+00,0.000000000000000000e+00,0.000000000000000000e+00
